"DESCRIPTION","DURATION IN MS","NAME","PARENT SUITE","START TIME","STATUS","STOP TIME","SUB SUITE","SUITE","TEST CLASS","TEST METHOD"
"","0","Создание подписки через мок SubscriptionRepository","TestAllureCreateSub","2026-09-18","passed","2026-09-18","","","",""
"","0","Покупка подписки: баланс, StoreSub, StorePayment, UpdateUser","TestAllurePurchaseSubscription","2026-09-18","passed","2026-09-18","","","",""
"","0","Получение: SELECT сканирует 12 полей; мок только для кэша","TestAllureGetPromocode","2026-09-18","passed","2026-09-18","","","",""
"","0","Создание: транзакция с RETURNING promocode_id","TestAllureCreatePromocode","2026-09-18","passed","2026-09-18","","","",""
"","0","Применение: Sub() → GetByCode() → UPDATE подписки и счётчика","TestAllureApplyPromocode","2026-09-18","passed","2026-09-18","","","",""
"","0","Применение промокода: цена 1000 → 800, sub_type=promocode","TestAllureApplyPromocode","2026-09-18","passed","2026-09-18","","","",""
"","0","Получение промокода по id через мок репозитория","TestAllureGetPromocode","2026-09-18","passed","2026-09-18","","","",""
"","0","Создание подписки: настоящий SubRepo над FakePgPool","TestAllureCreateSub","2026-09-18","passed","2026-09-18","","","",""
"","0","Список подписок: Query(ids) + вложенные Sub()","TestAllureGetSubs","2026-09-18","passed","2026-09-18","","","",""
"","0","Получение подписки по id через мок","TestAllureGetSub","2026-09-18","passed","2026-09-18","","","",""
"","0","Обновление: две транзакции на одном StubTx (Sub + UPDATE)","TestAllureUpdateSub","2026-09-18","passed","2026-09-18","","","",""
"","0","Удаление: DELETE ... по CommandTag","TestAllureDeleteSub","2026-09-18","passed","2026-09-18","","","",""
"","0","Сумма затрат за период через мок SubsTotalCosts","TestAllureTotalCosts","2026-09-18","passed","2026-09-18","","","",""
"","0","Покупка: GetUser → StoreSub → StorePayment → UPDATE users","TestAllurePurchaseSubscription","2026-09-18","passed","2026-09-18","","","",""
"","0","Получение подписки: Sub() сканирует 9 полей из StubRow","TestAllureGetSub","2026-09-18","passed","2026-09-18","","","",""
"","0","Создание промокода через мок","TestAllureCreatePromocode","2026-09-18","passed","2026-09-18","","","",""
"","0","Удаление подписки через мок","TestAllureDeleteSub","2026-09-18","passed","2026-09-18","","","",""
"","0","Сумма затрат: Query(ids) + Sub() — 100 × 1 месяц","TestAllureTotalCosts","2026-09-18","passed","2026-09-18","","","",""
"","1","Список подписок пользователя через мок","TestAllureGetSubs","2026-09-18","passed","2026-09-18","","","",""
"","0","Обновление подписки: Sub() + UpdateSub() через моки","TestAllureUpdateSub","2026-09-18","passed","2026-09-18","","","",""
