"BROKEN","EPIC","FAILED","FEATURE","PASSED","SKIPPED","STORY","UNKNOWN"
"0","","0","","28","0","","0"
"0","","0","UserServiceRepo","1","0","","0"
"0","Usecases","0","GetPromocode","2","0","","0"
"0","Usecases","0","GetSubs","2","0","","0"
"0","Usecases","0","TotalCosts","2","0","","0"
"0","Usecases","0","ApplyPromocode","2","0","","0"
"0","Usecases","0","DeleteSub","2","0","","0"
"0","Usecases","0","UpdateSub","2","0","","0"
"0","","0","UserRepo","1","0","","0"
"0","","0","PurchaseSubscription","1","0","","0"
"0","Usecases","0","GetSub","2","0","","0"
"0","","0","PromocodeRepo","1","0","","0"
"0","Usecases","0","CreateSub","2","0","","0"
"0","Usecases","0","PurchaseSubscription","2","0","","0"
"0","","0","ApplyPromocode","1","0","","0"
"0","","0","SubRepo","1","0","","0"
"0","","0","SubscriptionPlanRepo","1","0","","0"
"0","","0","PaymentRepo","1","0","","0"
"0","Usecases","0","CreatePromocode","2","0","","0"
